{
  "PyTorch_mean_ms": 25.189857766683115,
  "PyTorch_median_ms": 24.985310000033678,
  "PyTorch_std_ms": 5.651474560429316,
  "PyTorch_min_ms": 16.320048000125098,
  "PyTorch_max_ms": 36.33133799985444,
  "PyTorch_fps": 39.69851712789863,
  "ONNX_mean_ms": 91.40564153332586,
  "ONNX_median_ms": 81.31762900006834,
  "ONNX_std_ms": 26.031450256025366,
  "ONNX_min_ms": 72.4493950001488,
  "ONNX_max_ms": 177.88203600002817,
  "ONNX_fps": 10.940243766413552,
  "FP16_mean_ms": 73.48800216665647,
  "FP16_median_ms": 72.82782350011985,
  "FP16_std_ms": 9.447350518151314,
  "FP16_min_ms": 60.94943799985231,
  "FP16_max_ms": 101.72342500004561,
  "FP16_fps": 13.60766343507604,
  "ONNX_speedup": 0.275583184408799,
  "FP16_speedup_over_ONNX": 1.2438172060527062,
  "Total_FP16_speedup": 0.34277510646646
}